Date,Total_Customers,Current_Account_Customers,Total_Current_Account_Balance,Savings_Customers,Total_Savings_Balance,Mortgage_Approvals_Synthetic,Personal_Loan_Customers,Total_Personal_Loan_Balance,Credit_Card_Customers,Total_Credit_Card_Balance,Bank_Rate,CPI,GDP_Growth,Unemployment_Rate,House_Price_Index,Current_Accounts,Savings_Accounts,Mortgage_Approvals,Consumer_Credit,Credit_Card_Lending,Economy_Status,Difficult_Economy_Probability
2008-01-31,10000,9911,24031698.86785746,9250,149036337.96135136,24,960,8758943.929693274,6616,257572.1548903046,5.5,2.2,0.4,5.2,65.6,33417,224159,71326,101598,54232,0,0.23516913836609427
2008-02-29,10000,9911,24031698.86785746,9250,149036337.96135136,27,960,8758943.929693274,6616,257572.1548903046,5.25,2.5,0.4,5.2,65.0,31492,226772,71064,102081,54375,0,0.22698752409709147
2008-03-31,10000,9911,24031698.86785746,9250,149036337.96135136,16,960,8758943.929693274,6616,257572.1548903046,5.25,2.5,0.4,5.3,64.5,32823,227769,60454,101945,54471,0,0.2658388399091192
2008-04-30,10000,9911,24031698.86785746,9250,149036337.96135136,17,960,8758943.929693274,6616,257572.1548903046,5.0,3.0,-0.5,5.2,64.7,31895,233766,57134,101756,54404,0,0.3099440123179776
2008-05-31,10000,9911,24031698.86785746,9250,149036337.96135136,15,960,8758943.929693274,6616,257572.1548903046,5.0,3.3,-0.5,5.4,65.1,32210,237820,40546,101556,55211,0,0.44658786584602395
2008-06-30,10000,9911,24031698.86785746,9250,149036337.96135136,9,960,8758943.929693274,6616,257572.1548903046,5.0,3.8,-0.5,5.5,64.2,33348,241184,35391,100691,54955,1,0.5864404453595059
2008-07-31,10000,9911,24031698.86785746,9250,149036337.96135136,9,960,8758943.929693274,6616,257572.1548903046,5.0,4.4,-1.6,5.7,63.5,46071,245638,33021,100606,54977,1,0.8306065175949439
2008-08-31,10000,9911,24031698.86785746,9250,149036337.96135136,10,960,8758943.929693274,6616,257572.1548903046,5.0,4.7,-1.6,5.9,62.2,44578,249257,32657,100208,55432,1,0.9023165050921498
2008-09-30,10000,9911,24031698.86785746,9250,149036337.96135136,14,960,8758943.929693274,6616,257572.1548903046,5.0,5.2,-1.6,6.0,60.6,48091,251283,32286,99567,56534,1,0.943025058251096
2008-10-31,10000,9911,24031698.86785746,9250,149036337.96135136,8,960,8758943.929693274,6616,257572.1548903046,4.5,4.5,-2.1,6.2,59.4,44654,258974,31597,99200,53894,1,0.9171233372352525
2008-11-30,10000,9911,24031698.86785746,9250,149036337.96135136,9,960,8758943.929693274,6616,257572.1548903046,3.0,4.1,-2.1,6.4,57.7,43754,264624,26371,98472,53965,1,0.7224334348347144
2008-12-31,10000,9911,24031698.86785746,9250,149036337.96135136,15,960,8758943.929693274,6616,257572.1548903046,2.0,3.1,-2.1,6.5,56.8,44911,266843,31626,97717,53692,0,0.358211917579348
2009-01-31,10000,9911,24031698.86785746,9250,149036337.96135136,4,960,8758943.929693274,6616,257572.1548903046,1.5,3.0,-2.0,6.7,55.5,49783,265351,32389,97247,53880,0,0.31014168626324934
2009-02-28,10000,9911,24031698.86785746,9250,149036337.96135136,17,960,8758943.929693274,6616,257572.1548903046,1.0,3.2,-2.0,7.1,54.9,50078,265626,40782,95949,53886,0,0.4012633198513437
2009-03-31,10000,9911,24031698.86785746,9250,149036337.96135136,12,960,8758943.929693274,6616,257572.1548903046,0.5,2.9,-2.0,7.3,54.5,58448,265971,42120,95132,53582,0,0.3228292469109487
2009-04-30,10000,9911,24031698.86785746,9250,149036337.96135136,20,960,8758943.929693274,6616,257572.1548903046,0.5,2.3,-0.3,7.6,55.0,60474,268788,45456,94554,53921,0,0.22689765873981463
2009-05-31,10000,9911,24031698.86785746,9250,149036337.96135136,22,960,8758943.929693274,6616,257572.1548903046,0.5,2.2,-0.3,7.8,55.8,60694,269145,47650,94044,55155,0,0.2838247846510628
2009-06-30,10000,9911,24031698.86785746,9250,149036337.96135136,23,960,8758943.929693274,6616,257572.1548903046,0.5,1.8,-0.3,7.9,56.3,62023,269372,50455,93619,54745,0,0.2653586208308557
2009-07-31,10000,9911,24031698.86785746,9250,149036337.96135136,20,960,8758943.929693274,6616,257572.1548903046,0.5,1.8,0.1,7.9,57.3,66160,266592,53421,93133,54751,0,0.23178251442760156
2009-08-31,10000,9911,24031698.86785746,9250,149036337.96135136,21,960,8758943.929693274,6616,257572.1548903046,0.5,1.6,0.1,7.8,57.9,68100,265766,52563,92154,54763,0,0.1753995323074043
2009-09-30,10000,9911,24031698.86785746,9250,149036337.96135136,14,960,8758943.929693274,6616,257572.1548903046,0.5,1.1,0.1,7.9,58.4,68066,265171,55616,90995,53170,0,0.15327139670922763
2009-10-31,10000,9911,24031698.86785746,9250,149036337.96135136,15,960,8758943.929693274,6616,257572.1548903046,0.5,1.5,0.3,7.8,58.8,68508,265618,55939,89857,53541,0,0.1521839259921201
2009-11-30,10000,9911,24031698.86785746,9250,149036337.96135136,14,960,8758943.929693274,6616,257572.1548903046,0.5,1.9,0.3,7.8,58.9,69062,263299,57265,88696,53809,0,0.19062695864935025
2009-12-31,10000,9911,24031698.86785746,9250,149036337.96135136,23,960,8758943.929693274,6616,257572.1548903046,0.5,2.9,0.3,7.7,59.3,81230,263818,58008,87851,53670,0,0.2755454804016788
2010-01-31,10000,9911,24031698.86785746,9250,149036337.96135136,16,960,8758943.929693274,6616,257572.1548903046,0.5,3.5,0.8,7.9,59.1,76357,264824,46526,81412,58773,0,0.41378605203733315
2010-02-28,10000,9911,24031698.86785746,9250,149036337.96135136,13,960,8758943.929693274,6616,257572.1548903046,0.5,3.0,0.8,8.0,59.3,77062,266164,47866,81443,58741,0,0.377232656604584
2010-03-31,10000,9911,24031698.86785746,9250,149036337.96135136,18,960,8758943.929693274,6616,257572.1548903046,0.5,3.4,0.8,8.0,59.3,78067,267539,49160,80308,58455,0,0.443519331300381
2010-04-30,10000,9911,24031698.86785746,9250,149036337.96135136,18,960,8758943.929693274,6616,257572.1548903046,0.5,3.7,1.1,7.9,60.0,78372,267541,50241,79696,58114,0,0.4133128600703282
2010-05-31,10000,9911,24031698.86785746,9250,149036337.96135136,11,960,8758943.929693274,6616,257572.1548903046,0.5,3.4,1.1,7.9,60.3,79024,266829,49996,79027,56993,0,0.3625151872381047
2010-06-30,10000,9911,24031698.86785746,9250,149036337.96135136,29,960,8758943.929693274,6616,257572.1548903046,0.5,3.2,1.1,7.8,60.6,78164,267469,49519,77199,56511,0,0.2878885656699024
2010-07-31,10000,9911,24031698.86785746,9250,149036337.96135136,16,960,8758943.929693274,6616,257572.1548903046,0.5,3.1,0.6,7.8,61.2,77010,267105,48689,76993,56408,0,0.30984002625919344
2010-08-31,10000,9911,24031698.86785746,9250,149036337.96135136,13,960,8758943.929693274,6616,257572.1548903046,0.5,3.1,0.6,7.8,61.2,78071,268514,47345,76187,56387,0,0.30984002625919344
2010-09-30,10000,9911,24031698.86785746,9250,149036337.96135136,18,960,8758943.929693274,6616,257572.1548903046,0.5,3.1,0.6,7.9,61.1,78703,270053,46751,75540,56209,0,0.353782167785804
2010-10-31,10000,9911,24031698.86785746,9250,149036337.96135136,11,960,8758943.929693274,6616,257572.1548903046,0.5,3.2,0.1,7.9,60.4,93143,269273,46925,75184,56176,0,0.41964889371606967
2010-11-30,10000,9911,24031698.86785746,9250,149036337.96135136,9,960,8758943.929693274,6616,257572.1548903046,0.5,3.3,0.1,7.9,59.7,98501,272210,46127,73439,56279,0,0.4412482148164025
2010-12-31,10000,9911,24031698.86785746,9250,149036337.96135136,13,960,8758943.929693274,6616,257572.1548903046,0.5,3.7,0.1,7.9,59.6,105537,272710,41696,73516,53114,1,0.5102759295793975
2011-01-31,10000,9911,24031698.86785746,9250,149036337.96135136,11,960,8758943.929693274,6616,257572.1548903046,0.5,4.0,0.2,7.8,59.1,109563,274113,42881,72319,53099,1,0.5068026790575971
2011-02-28,10000,9911,24031698.86785746,9250,149036337.96135136,10,960,8758943.929693274,6616,257572.1548903046,0.5,4.4,0.2,7.8,58.7,108576,275155,47553,71826,52945,1,0.5775641770071368
2011-03-31,10000,9911,24031698.86785746,9250,149036337.96135136,15,960,8758943.929693274,6616,257572.1548903046,0.5,4.0,0.2,7.7,58.5,108915,275584,48277,71224,52664,0,0.46215067364626833
2011-04-30,10000,9911,24031698.86785746,9250,149036337.96135136,8,960,8758943.929693274,6616,257572.1548903046,0.5,4.5,0.0,7.8,59.4,108419,275950,46157,71070,52238,1,0.6077642878845377
2011-05-31,10000,9911,24031698.86785746,9250,149036337.96135136,18,960,8758943.929693274,6616,257572.1548903046,0.5,4.5,0.0,7.9,59.1,108597,277421,47040,70030,52092,1,0.6551853354519057
2011-06-30,10000,9911,24031698.86785746,9250,149036337.96135136,17,960,8758943.929693274,6616,257572.1548903046,0.5,4.2,0.0,8.0,59.2,107426,278182,49334,69815,51869,1,0.6522475594370079
2011-07-31,10000,9911,24031698.86785746,9250,149036337.96135136,16,960,8758943.929693274,6616,257572.1548903046,0.5,4.4,0.2,8.2,60.0,108473,278915,50940,69324,51843,1,0.7425077142889785
2011-08-31,10000,9911,24031698.86785746,9250,149036337.96135136,19,960,8758943.929693274,6616,257572.1548903046,0.5,4.5,0.2,8.3,60.0,108190,279499,52939,69178,51580,1,0.7897257389335293
2011-09-30,10000,9911,24031698.86785746,9250,149036337.96135136,11,960,8758943.929693274,6616,257572.1548903046,0.5,5.2,0.2,8.4,59.9,109924,279683,50846,68455,51497,1,0.8809984947816109
2011-10-31,10000,9911,24031698.86785746,9250,149036337.96135136,14,960,8758943.929693274,6616,257572.1548903046,0.5,5.0,0.1,8.5,59.2,109838,278283,51719,68027,51197,1,0.8926280724579142
2011-11-30,10000,9911,24031698.86785746,9250,149036337.96135136,17,960,8758943.929693274,6616,257572.1548903046,0.5,4.8,0.1,8.4,59.2,108688,278965,52126,67808,50855,1,0.8563176877905395
2011-12-31,10000,9911,24031698.86785746,9250,149036337.96135136,14,960,8758943.929693274,6616,257572.1548903046,0.5,4.2,0.1,8.3,59.0,111103,279964,51620,67256,50555,1,0.7655509195188478
2012-01-31,10000,9911,24031698.86785746,9250,149036337.96135136,16,960,8758943.929693274,6616,257572.1548903046,0.5,3.6,0.9,8.3,58.6,113190,281880,55572,64942,50379,1,0.6174361498023142
2012-02-29,10000,9911,24031698.86785746,9250,149036337.96135136,12,960,8758943.929693274,6616,257572.1548903046,0.5,3.4,0.9,8.2,58.4,113130,283373,50454,64413,50012,1,0.5377829606140146
2012-03-31,10000,9911,24031698.86785746,9250,149036337.96135136,24,960,8758943.929693274,6616,257572.1548903046,0.5,3.5,0.9,8.2,58.6,114807,284798,51196,64526,50215,1,0.5534081137562832
2012-04-30,10000,9911,24031698.86785746,9250,149036337.96135136,22,960,8758943.929693274,6616,257572.1548903046,0.5,3.0,-0.1,8.1,59.3,114056,285965,51930,63457,49845,1,0.5091328866990892
2012-05-31,10000,9911,24031698.86785746,9250,149036337.96135136,16,960,8758943.929693274,6616,257572.1548903046,0.5,2.8,-0.1,8.0,59.4,113532,286471,49357,63183,49663,0,0.42578085151419937
2012-06-30,10000,9911,24031698.86785746,9250,149036337.96135136,16,960,8758943.929693274,6616,257572.1548903046,0.5,2.4,-0.1,8.0,60.0,114678,285325,47812,62737,50273,0,0.35658188476275154
2012-07-31,10000,9911,24031698.86785746,9250,149036337.96135136,15,960,8758943.929693274,6616,257572.1548903046,0.5,2.6,1.0,7.9,60.3,115828,287030,47262,62176,49950,0,0.25440044239622905
2012-08-31,10000,9911,24031698.86785746,9250,149036337.96135136,11,960,8758943.929693274,6616,257572.1548903046,0.5,2.5,1.0,7.8,60.3,117408,286378,48101,61904,49807,0,0.20759087477592167
2012-09-30,10000,9911,24031698.86785746,9250,149036337.96135136,14,960,8758943.929693274,6616,257572.1548903046,0.5,2.2,1.0,7.8,60.1,116176,285576,50329,61953,50076,0,0.17657182175249408
2012-10-31,10000,9911,24031698.86785746,9250,149036337.96135136,27,960,8758943.929693274,6616,257572.1548903046,0.5,2.7,-0.1,7.8,59.7,115949,284741,52314,61233,49797,0,0.31706285422783437
2012-11-30,10000,9911,24031698.86785746,9250,149036337.96135136,25,960,8758943.929693274,6616,257572.1548903046,0.5,2.7,-0.1,7.8,59.7,117752,282450,53054,60802,49618,0,0.31706285422783437
2012-12-31,10000,9911,24031698.86785746,9250,149036337.96135136,12,960,8758943.929693274,6616,257572.1548903046,0.5,2.7,-0.1,7.8,59.6,118296,280146,54557,61704,49970,0,0.31766673929930034
2013-01-31,10000,9911,24031698.86785746,9250,149036337.96135136,23,960,8758943.929693274,6616,257572.1548903046,0.5,2.7,0.3,8.0,59.2,118314,276394,52210,62568,42847,0,0.3742059467334094
2013-02-28,10000,9911,24031698.86785746,9250,149036337.96135136,16,960,8758943.929693274,6616,257572.1548903046,0.5,2.8,0.3,7.8,59.2,119381,272996,52589,62390,43206,0,0.30219668079754336
2013-03-31,10000,9911,24031698.86785746,9250,149036337.96135136,19,960,8758943.929693274,6616,257572.1548903046,0.5,2.8,0.3,7.8,59.5,120160,271335,54528,61952,43304,0,0.30043620266313126
2013-04-30,10000,9911,24031698.86785746,9250,149036337.96135136,16,960,8758943.929693274,6616,257572.1548903046,0.5,2.4,0.7,7.7,60.1,121325,268105,56014,61912,43337,0,0.18481054856799395
2013-05-31,10000,9911,24031698.86785746,9250,149036337.96135136,25,960,8758943.929693274,6616,257572.1548903046,0.5,2.7,0.7,7.7,60.4,121300,265147,59137,61966,43574,0,0.2164226157319521
2013-06-30,10000,9911,24031698.86785746,9250,149036337.96135136,14,960,8758943.929693274,6616,257572.1548903046,0.5,2.9,0.7,7.7,61.0,122943,261041,58885,61598,43941,0,0.23755131383808537
2013-07-31,10000,9911,24031698.86785746,9250,149036337.96135136,31,960,8758943.929693274,6616,257572.1548903046,0.5,2.8,0.8,7.7,61.6,125572,258826,60737,61881,45341,0,0.21593646052832646
2013-08-31,10000,9911,24031698.86785746,9250,149036337.96135136,21,960,8758943.929693274,6616,257572.1548903046,0.5,2.7,0.8,7.6,62.1,126574,255210,62777,62414,45427,0,0.17254842779036936
2013-09-30,10000,9911,24031698.86785746,9250,149036337.96135136,29,960,8758943.929693274,6616,257572.1548903046,0.5,2.7,0.8,7.4,62.2,128385,252516,67286,62386,45567,0,0.12328218664613716
2013-10-31,10000,9911,24031698.86785746,9250,149036337.96135136,33,960,8758943.929693274,6616,257572.1548903046,0.5,2.2,0.7,7.2,61.9,129822,247349,68504,62053,45438,0,0.06601390218030467
2013-11-30,10000,9911,24031698.86785746,9250,149036337.96135136,20,960,8758943.929693274,6616,257572.1548903046,0.5,2.1,0.7,7.2,62.3,131202,244597,70508,61923,45465,0,0.06126347920732635
2013-12-31,10000,9911,24031698.86785746,9250,149036337.96135136,24,960,8758943.929693274,6616,257572.1548903046,0.5,2.0,0.7,7.1,62.8,131131,237980,71853,61878,45133,0,0.04708740030661789
2014-01-31,10000,9911,24031698.86785746,9250,149036337.96135136,23,960,8758943.929693274,6616,257572.1548903046,0.5,1.9,0.8,6.9,62.9,133157,235244,74042,61765,45197,0,0.02908026737245889
2014-02-28,10000,9911,24031698.86785746,9250,149036337.96135136,21,960,8758943.929693274,6616,257572.1548903046,0.5,1.7,0.8,6.7,63.2,134568,232882,70102,61876,45204,0,0.01720829992958505
2014-03-31,10000,9911,24031698.86785746,9250,149036337.96135136,28,960,8758943.929693274,6616,257572.1548903046,0.5,1.6,0.8,6.6,63.4,136655,230060,68226,62265,45270,0,0.01319271727651689
2014-04-30,10000,9911,24031698.86785746,9250,149036337.96135136,22,960,8758943.929693274,6616,257572.1548903046,0.5,1.8,0.9,6.4,64.8,136248,228166,65163,62413,45302,0,0.009509603463734596
2014-05-31,10000,9911,24031698.86785746,9250,149036337.96135136,26,960,8758943.929693274,6616,257572.1548903046,0.5,1.5,0.9,6.3,65.5,138407,225662,62183,62873,45322,0,0.006262774018982476
2014-06-30,10000,9911,24031698.86785746,9250,149036337.96135136,22,960,8758943.929693274,6616,257572.1548903046,0.5,1.9,0.9,6.1,66.0,140336,223641,67793,63062,45317,0,0.005499320975235885
2014-07-31,10000,9911,24031698.86785746,9250,149036337.96135136,30,960,8758943.929693274,6616,257572.1548903046,0.5,1.6,0.8,6.0,67.0,141029,220683,66787,63383,45370,0,0.003725189372456261
2014-08-31,10000,9911,24031698.86785746,9250,149036337.96135136,23,960,8758943.929693274,6616,257572.1548903046,0.5,1.5,0.8,6.0,67.8,142465,218160,65438,63580,45482,0,0.0034025899427344883
2014-09-30,10000,9911,24031698.86785746,9250,149036337.96135136,16,960,8758943.929693274,6616,257572.1548903046,0.5,1.2,0.8,5.9,67.8,144144,215157,62093,64625,46562,0,0.0022801086941276576
2014-10-31,10000,9911,24031698.86785746,9250,149036337.96135136,27,960,8758943.929693274,6616,257572.1548903046,0.5,1.3,0.7,5.9,67.7,145288,213907,60409,64941,48859,0,0.0025430815930493032
2014-11-30,10000,9911,24031698.86785746,9250,149036337.96135136,34,960,8758943.929693274,6616,257572.1548903046,0.5,1.0,0.7,5.7,67.5,145714,213253,59568,65101,49211,0,0.0014092019656685266
2014-12-31,10000,9911,24031698.86785746,9250,149036337.96135136,19,960,8758943.929693274,6616,257572.1548903046,0.5,0.5,0.7,5.6,67.7,147210,212323,60159,65274,49356,0,0.0008182322323635246
2015-01-31,10000,9911,24031698.86785746,9250,149036337.96135136,18,960,8758943.929693274,6616,257572.1548903046,0.5,0.3,0.3,5.6,67.3,149962,208007,58962,65615,49555,0,0.0008397994560199323
2015-02-28,10000,9911,24031698.86785746,9250,149036337.96135136,22,960,8758943.929693274,6616,257572.1548903046,0.5,0.0,0.3,5.5,67.4,151941,206207,61473,64990,49624,0,0.0005607165364330145
2015-03-31,10000,9911,24031698.86785746,9250,149036337.96135136,23,960,8758943.929693274,6616,257572.1548903046,0.5,0.0,0.3,5.5,67.6,151892,204075,62779,66122,49736,0,0.0005576010341233671
2015-04-30,10000,9911,24031698.86785746,9250,149036337.96135136,21,960,8758943.929693274,6616,257572.1548903046,0.5,-0.1,0.5,5.6,68.2,153448,202807,69009,66048,49976,0,0.000577015943321417
2015-05-31,10000,9911,24031698.86785746,9250,149036337.96135136,22,960,8758943.929693274,6616,257572.1548903046,0.5,0.1,0.5,5.6,68.9,155569,200947,65408,66349,49977,0,0.0006490408139755016
2015-06-30,10000,9911,24031698.86785746,9250,149036337.96135136,25,960,8758943.929693274,6616,257572.1548903046,0.5,0.0,0.5,5.5,69.5,156821,192278,68077,66716,50077,0,0.0004901445547612606
2015-07-31,10000,9911,24031698.86785746,9250,149036337.96135136,26,960,8758943.929693274,6616,257572.1548903046,0.5,0.1,0.4,5.4,70.7,158223,190817,70762,67396,50248,0,0.00043368241074404816
2015-08-31,10000,9911,24031698.86785746,9250,149036337.96135136,13,960,8758943.929693274,6616,257572.1548903046,0.5,0.0,0.4,5.3,71.3,161106,190100,72262,67764,50149,0,0.0003274922833775398
2015-09-30,10000,9911,24031698.86785746,9250,149036337.96135136,30,960,8758943.929693274,6616,257572.1548903046,0.5,-0.1,0.4,5.2,71.4,160825,189691,71176,67847,50254,0,0.0002507670083092581
2015-10-31,10000,9911,24031698.86785746,9250,149036337.96135136,31,960,8758943.929693274,6616,257572.1548903046,0.5,-0.1,0.6,5.1,71.5,163733,189354,70076,68440,50296,0,0.00019058972939727
2015-11-30,10000,9911,24031698.86785746,9250,149036337.96135136,31,960,8758943.929693274,6616,257572.1548903046,0.5,0.1,0.6,5.1,72.1,164601,188959,70488,68685,50494,0,0.00021498836781065134
2015-12-31,10000,9911,24031698.86785746,9250,149036337.96135136,21,960,8758943.929693274,6616,257572.1548903046,0.5,0.2,0.6,5.1,72.3,167773,187428,71270,69133,50733,0,0.0002289720622732263
2016-01-31,10000,9911,24031698.86785746,9250,149036337.96135136,24,960,8758943.929693274,6616,257572.1548903046,0.5,0.3,0.5,5.1,72.5,169093,187029,72480,70195,50944,0,0.0002533141370641035
2016-02-29,10000,9911,24031698.86785746,9250,149036337.96135136,28,960,8758943.929693274,6616,257572.1548903046,0.5,0.3,0.5,5.1,72.6,169999,187405,71872,70958,50895,0,0.0002526091980929061
2016-03-31,10000,9911,24031698.86785746,9250,149036337.96135136,16,960,8758943.929693274,6616,257572.1548903046,0.5,0.5,0.5,5.0,73.3,171237,186105,70724,71275,51305,0,0.00023367605055334975
2016-04-30,10000,9911,24031698.86785746,9250,149036337.96135136,29,960,8758943.929693274,6616,257572.1548903046,0.5,0.3,0.7,4.9,73.6,175219,185292,68709,71608,51224,0,0.00015397177700629343
2016-05-31,10000,9911,24031698.86785746,9250,149036337.96135136,25,960,8758943.929693274,6616,257572.1548903046,0.5,0.3,0.7,4.9,74.4,163329,184693,67883,72008,51522,0,0.00015057678018344167
2016-06-30,10000,9911,24031698.86785746,9250,149036337.96135136,15,960,8758943.929693274,6616,257572.1548903046,0.5,0.5,0.7,4.9,75.2,163518,183922,65573,72666,51762,0,0.00016890984481936485
2016-07-31,10000,9911,24031698.86785746,9250,149036337.96135136,23,960,8758943.929693274,6616,257572.1548903046,0.5,0.6,0.4,5.0,75.9,165483,185656,62624,73102,51994,0,0.00024179338359852536
2016-08-31,10000,9911,24031698.86785746,9250,149036337.96135136,19,960,8758943.929693274,6616,257572.1548903046,0.25,0.6,0.4,4.8,76.0,164164,185029,61427,73676,52194,0,0.00012465801943385723
2016-09-30,10000,9911,24031698.86785746,9250,149036337.96135136,21,960,8758943.929693274,6616,257572.1548903046,0.25,1.0,0.4,4.8,75.8,167487,184524,64243,74183,52044,0,0.00016493122996685708
2016-10-31,10000,9911,24031698.86785746,9250,149036337.96135136,32,960,8758943.929693274,6616,257572.1548903046,0.25,0.9,0.6,4.8,75.6,169853,182718,67909,74551,52422,0,0.00014351946052049773
2016-11-30,10000,9911,24031698.86785746,9250,149036337.96135136,26,960,8758943.929693274,6616,257572.1548903046,0.25,1.2,0.6,4.7,75.9,169145,180716,68392,75025,52590,0,0.00014378200936779778
2016-12-31,10000,9911,24031698.86785746,9250,149036337.96135136,18,960,8758943.929693274,6616,257572.1548903046,0.25,1.6,0.6,4.7,76.1,174776,178951,68366,75241,52648,0,0.00018812354806972735
2017-01-31,10000,9911,24031698.86785746,9250,149036337.96135136,19,960,8758943.929693274,6616,257572.1548903046,0.25,1.8,1.0,4.6,76.0,177938,176946,68006,75892,52700,0,0.00015284255913203422
2017-02-28,10000,9911,24031698.86785746,9250,149036337.96135136,28,960,8758943.929693274,6616,257572.1548903046,0.25,2.3,1.0,4.6,76.1,178152,176759,68139,76441,52923,0,0.0002147734539321678
2017-03-31,10000,9911,24031698.86785746,9250,149036337.96135136,23,960,8758943.929693274,6616,257572.1548903046,0.25,2.3,1.0,4.5,76.0,179995,175664,68044,77200,53165,0,0.0001771123558613367
2017-04-30,10000,9911,24031698.86785746,9250,149036337.96135136,27,960,8758943.929693274,6616,257572.1548903046,0.25,2.7,0.9,4.4,77.2,182666,175934,67102,76791,53464,0,0.00019250833211540756
2017-05-31,10000,9911,24031698.86785746,9250,149036337.96135136,15,960,8758943.929693274,6616,257572.1548903046,0.25,2.9,0.9,4.4,77.6,178935,174355,66022,77363,53467,0,0.00021836624904090774
2017-06-30,10000,9911,24031698.86785746,9250,149036337.96135136,32,960,8758943.929693274,6616,257572.1548903046,0.25,2.6,0.9,4.3,78.3,182052,173085,65378,77307,53618,0,0.00014335113705315615
2017-07-31,10000,9911,24031698.86785746,9250,149036337.96135136,38,960,8758943.929693274,6616,257572.1548903046,0.25,2.6,0.7,4.3,79.3,184402,172502,68522,77268,53843,0,0.00015042503765882008
2017-08-31,10000,9911,24031698.86785746,9250,149036337.96135136,18,960,8758943.929693274,6616,257572.1548903046,0.25,2.9,0.7,4.3,79.7,183605,172111,66885,77420,53943,0,0.0001827460758000924
2017-09-30,10000,9911,24031698.86785746,9250,149036337.96135136,29,960,8758943.929693274,6616,257572.1548903046,0.25,3.0,0.7,4.2,79.4,186272,171086,66321,77540,54223,0,0.0001623023253117997
2017-10-31,10000,9911,24031698.86785746,9250,149036337.96135136,21,960,8758943.929693274,6616,257572.1548903046,0.25,3.0,0.8,4.3,79.5,187839,169837,65208,77754,54376,0,0.00018947291729649169
2017-11-30,10000,9911,24031698.86785746,9250,149036337.96135136,19,960,8758943.929693274,6616,257572.1548903046,0.5,3.1,0.8,4.4,79.2,188398,170487,65678,77745,54641,0,0.00032547704157746983
2017-12-31,10000,9911,24031698.86785746,9250,149036337.96135136,18,960,8758943.929693274,6616,257572.1548903046,0.5,3.0,0.8,4.3,79.5,188932,170919,62311,78086,54828,0,0.000247838593826629
2018-01-31,10000,9911,24031698.86785746,9250,149036337.96135136,30,960,8758943.929693274,6616,257572.1548903046,0.5,3.0,0.1,4.2,79.3,157685,170184,65855,77674,54717,0,0.000267436196473803
2018-02-28,10000,9911,24031698.86785746,9250,149036337.96135136,17,960,8758943.929693274,6616,257572.1548903046,0.5,2.7,0.1,4.2,79.5,157608,169041,63000,78479,55044,0,0.00021648953380571455
2018-03-31,10000,9911,24031698.86785746,9250,149036337.96135136,24,960,8758943.929693274,6616,257572.1548903046,0.5,2.5,0.1,4.2,79.0,158623,168580,63110,78187,54898,0,0.00019138644183146558
2018-04-30,10000,9911,24031698.86785746,9250,149036337.96135136,21,960,8758943.929693274,6616,257572.1548903046,0.5,2.4,0.2,4.2,79.8,160760,166177,63309,78255,55087,0,0.000168239503670468
2018-05-31,10000,9911,24031698.86785746,9250,149036337.96135136,26,960,8758943.929693274,6616,257572.1548903046,0.5,2.4,0.2,4.0,80.1,161177,166005,65095,78225,55215,0,0.00011282438575754878
2018-06-30,10000,9911,24031698.86785746,9250,149036337.96135136,24,960,8758943.929693274,6616,257572.1548903046,0.5,2.4,0.2,4.0,80.6,162862,165817,65901,78336,55412,0,0.0001112630054466304
2018-07-31,10000,9911,24031698.86785746,9250,149036337.96135136,11,960,8758943.929693274,6616,257572.1548903046,0.5,2.5,0.3,4.0,81.6,164355,164633,64744,78300,55357,0,0.00011156443605171122
2018-08-31,10000,9911,24031698.86785746,9250,149036337.96135136,14,960,8758943.929693274,6616,257572.1548903046,0.75,2.7,0.3,4.1,81.9,165297,163899,66769,78349,55445,0,0.00020185995156518768
2018-09-30,10000,9911,24031698.86785746,9250,149036337.96135136,27,960,8758943.929693274,6616,257572.1548903046,0.75,2.4,0.3,4.1,81.7,164929,164159,65991,79127,55507,0,0.0001652353465723624
2018-10-31,10000,9911,24031698.86785746,9250,149036337.96135136,23,960,8758943.929693274,6616,257572.1548903046,0.75,2.4,0.1,4.0,81.6,165126,164569,68257,78634,55488,0,0.00014702478816223464
2018-11-30,10000,9911,24031698.86785746,9250,149036337.96135136,18,960,8758943.929693274,6616,257572.1548903046,0.75,2.3,0.1,4.0,81.3,169622,163665,64956,78762,55566,0,0.00013843033237665256
2018-12-31,10000,9911,24031698.86785746,9250,149036337.96135136,19,960,8758943.929693274,6616,257572.1548903046,0.75,2.1,0.1,3.9,81.1,170384,164197,64429,78932,55603,0,9.979780844854309e-05
2019-01-31,10000,9911,24031698.86785746,9250,149036337.96135136,19,960,8758943.929693274,6616,257572.1548903046,0.75,1.8,0.5,4.0,80.6,168864,164670,65119,79016,55659,0,8.603965559506789e-05
2019-02-28,10000,9911,24031698.86785746,9250,149036337.96135136,18,960,8758943.929693274,6616,257572.1548903046,0.75,1.9,0.5,3.8,80.4,169393,165108,64153,78192,55943,0,6.2662449881976e-05
2019-03-31,10000,9911,24031698.86785746,9250,149036337.96135136,23,960,8758943.929693274,6616,257572.1548903046,0.75,1.9,0.5,3.8,80.2,169341,166157,62218,78422,55950,0,6.3012740168618e-05
2019-04-30,10000,9911,24031698.86785746,9250,149036337.96135136,25,960,8758943.929693274,6616,257572.1548903046,0.75,2.1,0.2,3.8,80.8,170348,166353,65896,78216,55954,0,7.966891362522153e-05
2019-05-31,10000,9911,24031698.86785746,9250,149036337.96135136,25,960,8758943.929693274,6616,257572.1548903046,0.75,2.0,0.2,3.9,80.9,171104,166883,65540,78174,56063,0,9.02064649733337e-05
2019-06-30,10000,9911,24031698.86785746,9250,149036337.96135136,13,960,8758943.929693274,6616,257572.1548903046,0.75,2.0,0.2,3.9,81.2,170802,166897,66570,78362,56031,0,8.945533960287439e-05
2019-07-31,10000,9911,24031698.86785746,9250,149036337.96135136,27,960,8758943.929693274,6616,257572.1548903046,0.75,2.1,0.6,3.9,82.1,171226,167119,67217,78497,55454,0,8.025170393942574e-05
2019-08-31,10000,9911,24031698.86785746,9250,149036337.96135136,16,960,8758943.929693274,6616,257572.1548903046,0.75,1.7,0.6,3.9,82.4,173283,166992,66013,78552,55321,0,6.0485615624355626e-05
2019-09-30,10000,9911,24031698.86785746,9250,149036337.96135136,23,960,8758943.929693274,6616,257572.1548903046,0.75,1.7,0.6,3.8,82.4,174793,166750,66212,78559,55266,0,4.973912008979859e-05
2019-10-31,10000,9911,24031698.86785746,9250,149036337.96135136,17,960,8758943.929693274,6616,257572.1548903046,0.75,1.5,0.0,3.8,82.2,175542,166928,66356,78389,55258,0,5.477860130425574e-05
2019-11-30,10000,9911,24031698.86785746,9250,149036337.96135136,21,960,8758943.929693274,6616,257572.1548903046,0.75,1.5,0.0,3.7,81.9,180328,167966,66628,78592,54810,0,4.542427961358409e-05
2019-12-31,10000,9911,24031698.86785746,9250,149036337.96135136,18,960,8758943.929693274,6616,257572.1548903046,0.75,1.3,0.0,3.9,81.8,181533,167409,67602,76824,55130,0,5.8724683470534436e-05
2020-01-31,10000,9911,24031698.86785746,9250,149036337.96135136,28,960,8758943.929693274,6616,257572.1548903046,0.75,1.8,-2.7,3.9,81.9,182292,167485,69513,76802,54981,0,0.00023034808477291968
2020-02-29,10000,9911,24031698.86785746,9250,149036337.96135136,17,960,8758943.929693274,6616,257572.1548903046,0.75,1.7,-2.7,4.1,81.4,183173,168138,71609,76845,54850,0,0.00032249281236571215
2020-03-31,10000,9911,24031698.86785746,9250,149036337.96135136,20,960,8758943.929693274,6616,257572.1548903046,0.1,1.5,-2.7,4.1,82.1,190051,166680,56247,76170,52819,0,0.00013716851351630444
2020-04-30,10000,9911,24031698.86785746,9250,149036337.96135136,4,960,8758943.929693274,6616,257572.1548903046,0.1,0.8,-19.9,4.1,81.3,190383,167023,15936,73939,48469,0,0.056686782762402306
2020-05-31,10000,9911,24031698.86785746,9250,149036337.96135136,1,960,8758943.929693274,6616,257572.1548903046,0.1,0.5,-19.9,4.1,81.7,199840,167088,9369,72450,46824,0,0.046140646159331306
2020-06-30,10000,9911,24031698.86785746,9250,149036337.96135136,17,960,8758943.929693274,6616,257572.1548903046,0.1,0.6,-19.9,4.4,82.9,202732,165407,40299,71841,46359,0,0.08265618553865343
2020-07-31,10000,9911,24031698.86785746,9250,149036337.96135136,19,960,8758943.929693274,6616,257572.1548903046,0.1,1.0,17.0,4.6,83.6,206675,162052,66552,71231,46832,0,1.3859159488088418e-07
2020-08-31,10000,9911,24031698.86785746,9250,149036337.96135136,26,960,8758943.929693274,6616,257572.1548903046,0.1,0.2,17.0,5.0,84.4,211087,159362,85159,70467,46719,0,1.7120992819552973e-07
2020-09-30,10000,9911,24031698.86785746,9250,149036337.96135136,31,960,8758943.929693274,6616,257572.1548903046,0.1,0.5,17.0,5.2,85.3,211384,157163,92539,69915,45934,0,3.033439502853883e-07
2020-10-31,10000,9911,24031698.86785746,9250,149036337.96135136,35,960,8758943.929693274,6616,257572.1548903046,0.1,0.7,1.4,5.2,86.0,216706,159008,100895,69361,45361,0,0.00012857700869391036
2020-11-30,10000,9911,24031698.86785746,9250,149036337.96135136,42,960,8758943.929693274,6616,257572.1548903046,0.1,0.3,1.4,5.3,86.9,220791,159670,107780,68804,44361,0,0.00011589196253167232
2020-12-31,10000,9911,24031698.86785746,9250,149036337.96135136,35,960,8758943.929693274,6616,257572.1548903046,0.1,0.6,1.4,5.2,87.5,226428,158236,103386,68344,44038,0,0.00011513723432321928
2021-01-31,10000,9911,24031698.86785746,9250,149036337.96135136,34,960,8758943.929693274,6616,257572.1548903046,0.1,0.7,-1.1,5.0,87.5,231294,157861,97196,67669,41956,0,0.00021572326049025127
2021-02-28,10000,9911,24031698.86785746,9250,149036337.96135136,23,960,8758943.929693274,6616,257572.1548903046,0.1,0.4,-1.1,4.9,87.8,235480,157248,84509,67467,41359,0,0.0001432035601120142
2021-03-31,10000,9911,24031698.86785746,9250,149036337.96135136,36,960,8758943.929693274,6616,257572.1548903046,0.1,0.7,-1.1,4.8,89.1,235781,155684,81078,67244,41219,0,0.0001395222737821849
2021-04-30,10000,9911,24031698.86785746,9250,149036337.96135136,28,960,8758943.929693274,6616,257572.1548903046,0.1,1.5,7.0,4.8,87.8,243115,152953,85391,67170,41129,0,1.1512478939226512e-05
2021-05-31,10000,9911,24031698.86785746,9250,149036337.96135136,23,960,8758943.929693274,6616,257572.1548903046,0.1,2.1,7.0,4.7,88.3,242301,151579,86153,67018,41562,0,1.409044523597654e-05
2021-06-30,10000,9911,24031698.86785746,9250,149036337.96135136,29,960,8758943.929693274,6616,257572.1548903046,0.1,2.5,7.0,4.6,93.0,243244,150028,79149,66929,41505,0,1.3373602326467825e-05
2021-07-31,10000,9911,24031698.86785746,9250,149036337.96135136,23,960,8758943.929693274,6616,257572.1548903046,0.1,2.0,1.7,4.5,88.7,246015,149801,72343,66877,42009,0,6.600614980774969e-05
2021-08-31,10000,9911,24031698.86785746,9250,149036337.96135136,28,960,8758943.929693274,6616,257572.1548903046,0.1,3.2,1.7,4.4,91.4,247273,149623,70895,67097,41990,0,0.00011467167548475072
2021-09-30,10000,9911,24031698.86785746,9250,149036337.96135136,23,960,8758943.929693274,6616,257572.1548903046,0.1,3.1,1.7,4.3,94.0,248460,148703,70466,67058,42562,0,8.189210732929727e-05
2021-10-31,10000,9911,24031698.86785746,9250,149036337.96135136,26,960,8758943.929693274,6616,257572.1548903046,0.1,4.2,1.4,4.2,91.7,255647,149618,68333,65209,42868,0,0.00017114799044905607
2021-11-30,10000,9911,24031698.86785746,9250,149036337.96135136,25,960,8758943.929693274,6616,257572.1548903046,0.1,5.1,1.4,4.2,93.5,258170,150087,69386,65585,43091,0,0.0003017710192379957
2021-12-31,10000,9911,24031698.86785746,9250,149036337.96135136,24,960,8758943.929693274,6616,257572.1548903046,0.25,5.4,1.4,4.1,94.0,258516,149426,72810,65853,43158,0,0.0003531963437774787
2022-01-31,10000,9911,24031698.86785746,9250,149036337.96135136,17,960,8758943.929693274,6616,257572.1548903046,0.25,5.5,1.0,3.9,95.1,262166,149458,74047,66166,42767,0,0.0002888423340842765
2022-02-28,10000,9911,24031698.86785746,9250,149036337.96135136,24,960,8758943.929693274,6616,257572.1548903046,0.5,6.2,1.0,3.8,95.2,263169,149485,68333,66394,43517,0,0.0005007373308571561
2022-03-31,10000,9911,24031698.86785746,9250,149036337.96135136,22,960,8758943.929693274,6616,257572.1548903046,0.75,7.0,1.0,3.8,95.5,265146,149833,68906,66604,43932,0,0.0011238609939796236
2022-04-30,10000,9911,24031698.86785746,9250,149036337.96135136,22,960,8758943.929693274,6616,257572.1548903046,0.75,9.0,0.6,3.7,96.6,265416,150588,66065,66907,44248,0,0.004102901941078223
2022-05-31,10000,9911,24031698.86785746,9250,149036337.96135136,30,960,8758943.929693274,6616,257572.1548903046,1.0,9.1,0.6,3.8,97.7,265766,152937,66457,67272,44547,0,0.0067610582069695556
2022-06-30,10000,9911,24031698.86785746,9250,149036337.96135136,19,960,8758943.929693274,6616,257572.1548903046,1.25,9.4,0.6,3.6,98.9,263233,155426,62797,67655,44691,0,0.007103170490290237
2022-07-31,10000,9911,24031698.86785746,9250,149036337.96135136,20,960,8758943.929693274,6616,257572.1548903046,1.25,10.1,0.1,3.6,100.8,265998,158934,62524,68095,44830,0,0.013090532322443333
2022-08-31,10000,9911,24031698.86785746,9250,149036337.96135136,22,960,8758943.929693274,6616,257572.1548903046,1.75,9.9,0.1,3.7,101.6,268063,160920,71925,68011,45033,0,0.02299097747580565
2022-09-30,10000,9911,24031698.86785746,9250,149036337.96135136,17,960,8758943.929693274,6616,257572.1548903046,2.25,10.1,0.1,3.8,101.8,269859,164371,64666,68539,45181,0,0.05290234873128768
2022-10-31,10000,9911,24031698.86785746,9250,149036337.96135136,21,960,8758943.929693274,6616,257572.1548903046,2.25,11.1,0.3,3.9,101.8,318384,176401,57790,68474,45159,0,0.11112216626099768
2022-11-30,10000,9911,24031698.86785746,9250,149036337.96135136,15,960,8758943.929693274,6616,257572.1548903046,3.0,10.7,0.3,3.9,101.7,314863,187544,46661,68101,45465,0,0.17578177081951793
2022-12-31,10000,9911,24031698.86785746,9250,149036337.96135136,15,960,8758943.929693274,6616,257572.1548903046,3.5,10.5,0.3,3.9,100.9,313573,195960,41520,67858,45575,0,0.24546960968449888
2023-01-31,10000,9911,24031698.86785746,9250,149036337.96135136,13,960,8758943.929693274,6616,257572.1548903046,3.5,10.1,0.1,4.0,100.0,311421,204073,39884,69754,45780,0,0.24963099065810565
2023-02-28,10000,9911,24031698.86785746,9250,149036337.96135136,10,960,8758943.929693274,6616,257572.1548903046,4.0,10.4,0.1,4.0,99.2,305164,211130,43016,70215,46525,0,0.4169548050611684
2023-03-31,10000,9911,24031698.86785746,9250,149036337.96135136,20,960,8758943.929693274,6616,257572.1548903046,4.25,10.1,0.1,3.9,98.1,303167,218406,51247,70222,46650,0,0.3923429335062686
2023-04-30,10000,9911,24031698.86785746,9250,149036337.96135136,12,960,8758943.929693274,6616,257572.1548903046,4.25,8.7,0.0,4.0,98.3,298302,222518,49011,70550,47030,0,0.2368785753954399
2023-05-31,10000,9911,24031698.86785746,9250,149036337.96135136,20,960,8758943.929693274,6616,257572.1548903046,4.5,8.7,0.0,4.2,98.6,294355,227905,51046,70700,47380,0,0.37322815124155445
2023-06-30,10000,9911,24031698.86785746,9250,149036337.96135136,14,960,8758943.929693274,6616,257572.1548903046,5.0,7.9,0.0,4.3,99.0,315548,233579,54416,70776,47735,0,0.41445524527934235
2023-07-31,10000,9911,24031698.86785746,9250,149036337.96135136,19,960,8758943.929693274,6616,257572.1548903046,5.0,6.8,-0.2,4.3,100.1,312318,244446,49005,70945,47961,0,0.25829585222524026
2023-08-31,10000,9911,24031698.86785746,9250,149036337.96135136,21,960,8758943.929693274,6616,257572.1548903046,5.25,6.7,-0.2,4.1,100.6,303526,252767,45047,71265,48378,0,0.2209659434936778
2023-09-30,10000,9911,24031698.86785746,9250,149036337.96135136,16,960,8758943.929693274,6616,257572.1548903046,5.25,6.7,-0.2,4.0,100.1,300415,256723,43779,71316,48996,0,0.19127704860876663
2023-10-31,10000,9911,24031698.86785746,9250,149036337.96135136,21,960,8758943.929693274,6616,257572.1548903046,5.25,4.6,-0.3,4.0,99.7,298112,260401,48004,71672,49270,0,0.055552940097456774
2023-11-30,10000,9911,24031698.86785746,9250,149036337.96135136,18,960,8758943.929693274,6616,257572.1548903046,5.25,3.9,-0.3,3.9,99.0,295638,264403,50245,71987,49930,0,0.02960929809271525
2023-12-31,10000,9911,24031698.86785746,9250,149036337.96135136,20,960,8758943.929693274,6616,257572.1548903046,5.25,4.0,-0.3,4.1,98.2,295960,266886,52595,69380,50254,0,0.0470901420151144
2024-01-31,10000,9911,24031698.86785746,9250,149036337.96135136,17,960,8758943.929693274,6616,257572.1548903046,5.25,4.0,0.7,4.2,98.1,290397,269385,56258,70166,50308,0,0.03957070957621565
2024-02-29,10000,9911,24031698.86785746,9250,149036337.96135136,20,960,8758943.929693274,6616,257572.1548903046,5.25,3.4,0.7,4.3,97.6,293733,269954,60121,70517,50819,0,0.03256660808965239
2024-03-31,10000,9911,24031698.86785746,9250,149036337.96135136,15,960,8758943.929693274,6616,257572.1548903046,5.25,3.2,0.7,4.4,97.8,294441,272780,61801,70483,51065,0,0.03427313137635273
2024-04-30,10000,9911,24031698.86785746,9250,149036337.96135136,29,960,8758943.929693274,6616,257572.1548903046,5.25,2.3,0.6,4.4,98.3,295126,273090,61785,71077,50778,0,0.019229808636490597
2024-05-31,10000,9911,24031698.86785746,9250,149036337.96135136,15,960,8758943.929693274,6616,257572.1548903046,5.25,2.0,0.6,4.2,99.1,293538,272750,61075,71961,51194,0,0.010443881323195936
2024-06-30,10000,9911,24031698.86785746,9250,149036337.96135136,22,960,8758943.929693274,6616,257572.1548903046,5.25,2.0,0.6,4.2,99.5,293916,273263,60812,72322,51432,0,0.010329277078327238
2024-07-31,10000,9911,24031698.86785746,9250,149036337.96135136,22,960,8758943.929693274,6616,257572.1548903046,5.25,2.2,0.2,4.1,100.6,292492,273181,62130,72813,51534,0,0.010993812652344219
2024-08-31,10000,9911,24031698.86785746,9250,149036337.96135136,19,960,8758943.929693274,6616,257572.1548903046,5.0,2.2,0.2,4.3,101.6,294184,273072,64744,73098,51815,0,0.012073643779900688
2024-09-30,10000,9911,24031698.86785746,9250,149036337.96135136,19,960,8758943.929693274,6616,257572.1548903046,5.0,1.7,0.2,4.3,101.5,294559,273016,65140,73683,52157,0,0.008621642649965395
2024-10-31,10000,9911,24031698.86785746,9250,149036337.96135136,24,960,8758943.929693274,6616,257572.1548903046,5.0,2.3,0.4,4.4,101.7,297126,272798,67686,73060,52500,0,0.014497284779513403
2024-11-30,10000,9911,24031698.86785746,9250,149036337.96135136,32,960,8758943.929693274,6616,257572.1548903046,4.75,2.6,0.4,4.4,101.4,300771,269768,65787,72845,52313,0,0.013740073979035147
2024-12-31,10000,9911,24031698.86785746,9250,149036337.96135136,21,960,8758943.929693274,6616,257572.1548903046,4.75,2.5,0.4,4.4,101.2,301370,269740,67098,73657,52675,0,0.012911601803049896
2025-01-31,10000,9911,24031698.86785746,9250,149036337.96135136,30,960,8758943.929693274,6616,257572.1548903046,4.75,3.0,0.6,4.4,101.5,300013,268459,66691,73979,53039,0,0.016658756797729147
2025-02-28,10000,9911,24031698.86785746,9250,149036337.96135136,14,960,8758943.929693274,6616,257572.1548903046,4.5,2.8,0.6,4.5,101.5,300086,267544,65238,74254,53487,0,0.01354372692228963
2025-03-31,10000,9911,24031698.86785746,9250,149036337.96135136,18,960,8758943.929693274,6616,257572.1548903046,4.5,2.6,0.6,4.6,102.7,304547,268831,64385,74113,53718,0,0.013881353037394259
2025-04-30,10000,9911,24031698.86785746,9250,149036337.96135136,16,960,8758943.929693274,6616,257572.1548903046,4.5,3.5,0.1,4.7,99.7,296803,269817,60510,74300,54128,0,0.04006300630792811
2025-05-31,10000,9911,24031698.86785746,9250,149036337.96135136,18,960,8758943.929693274,6616,257572.1548903046,4.25,3.4,0.1,4.7,101.0,297854,268234,62987,74681,54462,0,0.027926752456185457
2025-06-30,10000,9911,24031698.86785746,9250,149036337.96135136,12,960,8758943.929693274,6616,257572.1548903046,4.25,3.6,0.1,4.7,102.1,297037,267945,64095,75402,54614,0,0.03096935458628495
2025-07-31,10000,9911,24031698.86785746,9250,149036337.96135136,27,960,8758943.929693274,6616,257572.1548903046,4.25,3.8,0.2,4.8,103.0,299012,265642,64890,75753,55198,0,0.04017233078159669
2025-08-31,10000,9911,24031698.86785746,9250,149036337.96135136,25,960,8758943.929693274,6616,257572.1548903046,4.0,3.8,0.2,5.0,103.9,299456,263815,64468,76163,55569,0,0.0441080255198994
2025-09-30,10000,9911,24031698.86785746,9250,149036337.96135136,23,960,8758943.929693274,6616,257572.1548903046,4.0,3.8,0.2,5.1,103.6,300172,262299,65432,76459,55824,0,0.05355436455535367
2025-10-31,10000,9911,24031698.86785746,9250,149036337.96135136,14,960,8758943.929693274,6616,257572.1548903046,4.0,3.6,0.2,5.1,104.0,298370,262686,64561,76995,56226,0,0.0465137982576872
2025-11-30,10000,9911,24031698.86785746,9250,149036337.96135136,17,960,8758943.929693274,6616,257572.1548903046,4.0,3.2,0.2,5.2,104.3,300654,261181,64544,77654,56567,0,0.04279757060773431
2025-12-31,10000,9911,24031698.86785746,9250,149036337.96135136,23,960,8758943.929693274,6616,257572.1548903046,3.75,3.4,0.2,5.2,102.9,298697,261025,61626,78640,57013,0,0.03916988765692156
