Date,Month_year,YEAR,Monthly amounts outstanding of monetary financial institutions' sterling net lending  to household sector (in sterling millions) seasonally adjusted  LPMBC44,Monthly amounts outstanding of monetary financial institutions' sterling consumer credit lending excluding securitisations to individuals (in sterling millions) seasonally adjusted LPMBC46,Monthly amounts outstanding of monetary financial institutions' sterling net credit card lending to individuals (in sterling millions) seasonally adjusted  LPMBC53,Monthly amounts outstanding of monetary financial institutions' sterling consumer credit (excluding credit card) excluding securitisations to individuals (in sterling millions) seasonally adjusted  LPMBC54,Monthly amounts outstanding of monetary financial institutions' sterling net secured lending to individuals (in sterling millions) seasonally adjusted  LPMBC55,"Monthly amounts outstanding of monetary financial institutions' sterling net consumer credit loans (excluding credit card and overdrafts) excluding securitisations to individuals (in sterling millions) seasonally adjusted  	LPMZ5G7"
31-Dec-08,Dec-08,08,1285947,151409,53692,97717,1084544,85345
30-Nov-08,Nov-08,08,1284342,152437,53965,98472,1081902,86153
31-Oct-08,Oct-08,08,1281112,153094,53894,99200,1077822,87067
30-Sep-08,Sep-08,08,1278389,156101,56534,99567,1073928,87708
31-Aug-08,Aug-08,08,1274362,155640,55432,100208,1070549,88138
31-Jul-08,Jul-08,08,1272564,155583,54977,100606,1068940,88417
30-Jun-08,Jun-08,08,1265476,155645,54955,100691,1062011,88756
31-May-08,May-08,08,1260576,156767,55211,101556,1056457,89425
30-Apr-08,Apr-08,08,1254662,156161,54404,101756,1051421,89701
31-Mar-08,Mar-08,08,1248172,156415,54471,101945,1045286,89843
29-Feb-08,Feb-08,08,1240932,156456,54375,102081,1038577,89992
31-Jan-08,Jan-08,08,1232331,155830,54232,101598,1030877,89928
31-Dec-09,Dec-09,09,1298773,141521,53670,87851,1108720,76251
30-Nov-09,Nov-09,09,1297284,142505,53809,88696,1106108,76950
31-Oct-09,Oct-09,09,1294896,143397,53541,89857,1102883,78092
30-Sep-09,Sep-09,09,1294441,144165,53170,90995,1101646,78909
31-Aug-09,Aug-09,09,1294947,146917,54763,92154,1099310,80276
31-Jul-09,Jul-09,09,1294672,147884,54751,93133,1097781,81072
30-Jun-09,Jun-09,09,1293340,148364,54745,93619,1095872,81521
31-May-09,May-09,09,1292295,149198,55155,94044,1093844,81822
30-Apr-09,Apr-09,09,1290267,148476,53921,94554,1092418,82571
31-Mar-09,Mar-09,09,1289194,148714,53582,95132,1090922,82985
28-Feb-09,Feb-09,09,1288698,149835,53886,95949,1089010,83863
31-Jan-09,Jan-09,09,1287741,151127,53880,97247,1086822,84695
31-Dec-10,Dec-10,10,1176760,126630,53114,73516,1005517,62368
30-Nov-10,Nov-10,10,1180804,129717,56279,73439,1005311,62760
31-Oct-10,Oct-10,10,1181980,131360,56176,75184,1004423,63401
30-Sep-10,Sep-10,10,1181211,131749,56209,75540,1003594,63971
31-Aug-10,Aug-10,10,1181264,132573,56387,76187,1002403,64445
31-Jul-10,Jul-10,10,1208992,133401,56408,76993,1029253,64997
30-Jun-10,Jun-10,10,1208527,133710,56511,77199,1028127,65635
31-May-10,May-10,10,1209688,136021,56993,79027,1026792,67452
30-Apr-10,Apr-10,10,1211218,137811,58114,79696,1025428,68066
31-Mar-10,Mar-10,10,1211790,138763,58455,80308,1024814,68769
28-Feb-10,Feb-10,10,1211942,140183,58741,81443,1024297,69853
31-Jan-10,Jan-10,10,1211187,140185,58773,81412,1022950,69281
31-Dec-11,Dec-11,11,1175425,117811,50555,67256,1014115,56846
30-Nov-11,Nov-11,11,1176988,118664,50855,67808,1014660,57297
31-Oct-11,Oct-11,11,1176864,119224,51197,68027,1014064,57584
30-Sep-11,Sep-11,11,1176694,119952,51497,68455,1012957,58055
31-Aug-11,Aug-11,11,1176791,120758,51580,69178,1012124,58423
31-Jul-11,Jul-11,11,1176197,121167,51843,69324,1011027,58587
30-Jun-11,Jun-11,11,1175628,121684,51869,69815,1010143,58969
31-May-11,May-11,11,1175392,122122,52092,70030,1009280,59348
30-Apr-11,Apr-11,11,1175338,123308,52238,71070,1008009,60122
31-Mar-11,Mar-11,11,1175743,123888,52664,71224,1007574,60557
28-Feb-11,Feb-11,11,1176886,124771,52945,71826,1007576,61045
31-Jan-11,Jan-11,11,1177141,125417,53099,72319,1007061,61531
31-Dec-12,Dec-12,12,1183557,111674,49970,61704,1035035,51665
30-Nov-12,Nov-12,12,1181435,110420,49618,60802,1034192,50676
31-Oct-12,Oct-12,12,1181578,111030,49797,61233,1033523,51020
30-Sep-12,Sep-12,12,1182142,112029,50076,61953,1033025,51310
31-Aug-12,Aug-12,12,1181415,111711,49807,61904,1032322,51505
31-Jul-12,Jul-12,12,1182018,112126,49950,62176,1032330,51630
30-Jun-12,Jun-12,12,1181046,113009,50273,62737,1030271,52136
31-May-12,May-12,12,1173020,112846,49663,63183,1022229,52698
30-Apr-12,Apr-12,12,1177599,113302,49845,63457,1021883,53021
31-Mar-12,Mar-12,12,1177169,114741,50215,64526,1019851,53995
29-Feb-12,Feb-12,12,1175632,114425,50012,64413,1018389,54117
31-Jan-12,Jan-12,12,1175577,115321,50379,64942,1017037,54632
31-Dec-13,Dec-13,13,1189457,107011,45133,61878,1048901,52550
30-Nov-13,Nov-13,13,1188876,107388,45465,61923,1047264,52964
31-Oct-13,Oct-13,13,1185326,107490,45438,62053,1043410,52655
30-Sep-13,Sep-13,13,1183960,107953,45567,62386,1041363,52734
31-Aug-13,Aug-13,13,1182706,107841,45427,62414,1040091,52557
31-Jul-13,Jul-13,13,1181437,107222,45341,61881,1039454,52417
30-Jun-13,Jun-13,13,1179150,105539,43941,61598,1038361,52130
31-May-13,May-13,13,1178050,105540,43574,61966,1037204,52054
30-Apr-13,Apr-13,13,1177717,105249,43337,61912,1036739,51926
31-Mar-13,Mar-13,13,1177851,105256,43304,61952,1035918,52002
28-Feb-13,Feb-13,13,1178331,105596,43206,62390,1035875,52228
31-Jan-13,Jan-13,13,1177577,105415,42847,62568,1035281,52481
31-Dec-14,Dec-14,14,1221194,114630,49356,65274,1074628,56602
30-Nov-14,Nov-14,14,1219329,114312,49211,65101,1072898,56308
31-Oct-14,Oct-14,14,1216833,113800,48859,64941,1070730,56175
30-Sep-14,Sep-14,14,1212718,111187,46562,64625,1069080,55734
31-Aug-14,Aug-14,14,1208600,109062,45482,63580,1067057,54707
31-Jul-14,Jul-14,14,1206647,108753,45370,63383,1065276,54418
30-Jun-14,Jun-14,14,1204100,108378,45317,63062,1063030,54066
31-May-14,May-14,14,1201962,108195,45322,62873,1060936,53802
30-Apr-14,Apr-14,14,1199711,107715,45302,62413,1059075,53401
31-Mar-14,Mar-14,14,1197143,107536,45270,62265,1056372,53142
28-Feb-14,Feb-14,14,1193959,107080,45204,61876,1053465,52818
31-Jan-14,Jan-14,14,1191568,106963,45197,61765,1051193,52554
31-Dec-15,Dec-15,15,1260942,119866,50733,69133,1109896,60860
30-Nov-15,Nov-15,15,1254519,119179,50494,68685,1104240,60315
31-Oct-15,Oct-15,15,1249857,118736,50296,68440,1099994,60120
30-Sep-15,Sep-15,15,1245650,118101,50254,67847,1096430,59457
31-Aug-15,Aug-15,15,1242440,117912,50149,67764,1093229,59365
31-Jul-15,Jul-15,15,1238704,117644,50248,67396,1089816,58896
30-Jun-15,Jun-15,15,1234480,116793,50077,66716,1086399,58277
31-May-15,May-15,15,1231403,116326,49977,66349,1083629,57869
30-Apr-15,Apr-15,15,1228706,116024,49976,66048,1081265,57515
31-Mar-15,Mar-15,15,1226745,115858,49736,66122,1079385,57520
28-Feb-15,Feb-15,15,1224230,114614,49624,64990,1077826,56606
31-Jan-15,Jan-15,15,1221504,115170,49555,65615,1074494,57007
31-Dec-16,Dec-16,16,1313177,127889,52648,75241,1155263,67091
30-Nov-16,Nov-16,16,1310766,127615,52590,75025,1152931,66796
31-Oct-16,Oct-16,16,1307990,126972,52422,74551,1150849,66409
30-Sep-16,Sep-16,16,1303519,126227,52044,74183,1147097,66132
31-Aug-16,Aug-16,16,1299632,125870,52194,73676,1143302,65485
31-Jul-16,Jul-16,16,1295689,125097,51994,73102,1140066,65030
30-Jun-16,Jun-16,16,1292009,124428,51762,72666,1136947,64548
31-May-16,May-16,16,1288172,123530,51522,72008,1133916,63965
30-Apr-16,Apr-16,16,1284879,122832,51224,71608,1131251,63456
31-Mar-16,Mar-16,16,1277203,122580,51305,71275,1123602,62939
29-Feb-16,Feb-16,16,1269969,121853,50895,70958,1117027,62405
31-Jan-16,Jan-16,16,1265990,121138,50944,70195,1113705,61877
31-Dec-17,Dec-17,17,1366092,132914,54828,78086,1204696,69083
30-Nov-17,Nov-17,17,1362453,132387,54641,77745,1201541,69034
31-Oct-17,Oct-17,17,1358692,132130,54376,77754,1197910,68875
30-Sep-17,Sep-17,17,1355665,131763,54223,77540,1194957,68736
31-Aug-17,Aug-17,17,1345720,131362,53943,77420,1185498,68839
31-Jul-17,Jul-17,17,1341989,131111,53843,77268,1181793,68811
30-Jun-17,Jun-17,17,1338627,130924,53618,77307,1178367,68768
31-May-17,May-17,17,1334306,130830,53467,77363,1173915,68796
30-Apr-17,Apr-17,17,1329281,130255,53464,76791,1169359,68767
31-Mar-17,Mar-17,17,1326558,130365,53165,77200,1166465,68763
28-Feb-17,Feb-17,17,1322096,129364,52923,76441,1162912,67981
31-Jan-17,Jan-17,17,1317436,128592,52700,75892,1159020,67752
31-Dec-18,Dec-18,18,1408497,134535,55603,78932,1246300,70191
30-Nov-18,Nov-18,18,1405085,134328,55566,78762,1243064,70102
31-Oct-18,Oct-18,18,1402014,134122,55488,78634,1240077,70053
30-Sep-18,Sep-18,18,1396014,134634,55507,79127,1233453,70381
31-Aug-18,Aug-18,18,1391407,133794,55445,78349,1229530,69817
31-Jul-18,Jul-18,18,1388787,133658,55357,78300,1226926,69695
30-Jun-18,Jun-18,18,1385668,133748,55412,78336,1223571,69631
31-May-18,May-18,18,1382230,133440,55215,78225,1220437,69469
30-Apr-18,Apr-18,18,1379202,133342,55087,78255,1217363,69404
31-Mar-18,Mar-18,18,1376260,133085,54898,78187,1214681,69525
28-Feb-18,Feb-18,18,1372313,133523,55044,78479,1210326,69624
31-Jan-18,Jan-18,18,1368700,132391,54717,77674,1207706,69007
31-Dec-19,Dec-19,19,1448468,131954,55130,76824,1289884,69137
30-Nov-19,Nov-19,19,1443958,133402,54810,78592,1283855,70744
31-Oct-19,Oct-19,19,1440966,133647,55258,78389,1280614,70500
30-Sep-19,Sep-19,19,1437312,133825,55266,78559,1276512,70747
31-Aug-19,Aug-19,19,1433969,133873,55321,78552,1273042,70743
31-Jul-19,Jul-19,19,1430031,133951,55454,78497,1268906,70596
30-Jun-19,Jun-19,19,1426621,134393,56031,78362,1264999,70344
31-May-19,May-19,19,1423574,134237,56063,78174,1262038,70383
30-Apr-19,Apr-19,19,1420978,134170,55954,78216,1259432,70311
31-Mar-19,Mar-19,19,1417911,134372,55950,78422,1255976,70369
28-Feb-19,Feb-19,19,1414453,134135,55943,78192,1252691,70282
31-Jan-19,Jan-19,19,1411433,134675,55659,79016,1249274,70281
31-Dec-20,Dec-20,20,1475243,112381,44038,68344,1328329,62674
30-Nov-20,Nov-20,20,1469719,113164,44361,68804,1322575,62942
31-Oct-20,Oct-20,20,1464932,114722,45361,69361,1316562,63443
30-Sep-20,Sep-20,20,1460445,115849,45934,69915,1311299,64008
31-Aug-20,Aug-20,20,1456979,117186,46719,70467,1307100,64539
31-Jul-20,Jul-20,20,1454809,118063,46832,71231,1304475,65086
30-Jun-20,Jun-20,20,1451908,118200,46359,71841,1302277,65571
31-May-20,May-20,20,1449598,119273,46824,72450,1301000,66367
30-Apr-20,Apr-20,20,1450071,122408,48469,73939,1300844,67139
31-Mar-20,Mar-20,20,1456977,128990,52819,76170,1301141,69085
29-Feb-20,Feb-20,20,1455915,131694,54850,76845,1297349,69243
31-Jan-20,Jan-20,20,1451928,131782,54981,76802,1293568,69098
31-Dec-21,Dec-21,21,1531760,109011,43158,65853,1390713,59445
30-Nov-21,Nov-21,21,1528468,108676,43091,65585,1387509,59168
31-Oct-21,Oct-21,21,1525061,108076,42868,65209,1384405,58988
30-Sep-21,Sep-21,21,1524711,109620,42562,67058,1382044,61062
31-Aug-21,Aug-21,21,1515769,109086,41990,67097,1373381,61025
31-Jul-21,Jul-21,21,1513306,108887,42009,66877,1370858,60867
30-Jun-21,Jun-21,21,1514998,108434,41505,66929,1372755,60993
31-May-21,May-21,21,1499522,108579,41562,67018,1356937,61094
30-Apr-21,Apr-21,21,1495156,108300,41129,67170,1352672,61274
31-Mar-21,Mar-21,21,1492988,108463,41219,67244,1350067,61243
28-Feb-21,Feb-21,21,1483656,108826,41359,67467,1340191,61568
31-Jan-21,Jan-21,21,1477945,109625,41956,67669,1333854,62008
31-Dec-22,Dec-22,22,1590849,113433,45575,67858,1448794,61615
30-Nov-22,Nov-22,22,1587500,113565,45465,68101,1444969,62235
31-Oct-22,Oct-22,22,1584017,113633,45159,68474,1441221,62344
30-Sep-22,Sep-22,22,1580770,113720,45181,68539,1437472,62149
31-Aug-22,Aug-22,22,1574578,113044,45033,68011,1431560,61602
31-Jul-22,Jul-22,22,1569515,112925,44830,68095,1426626,61498
30-Jun-22,Jun-22,22,1564913,112346,44691,67655,1422193,61149
31-May-22,May-22,22,1559937,111818,44547,67272,1417499,60816
30-Apr-22,Apr-22,22,1553516,111155,44248,66907,1411465,60428
31-Mar-22,Mar-22,22,1549264,110536,43932,66604,1407394,60051
28-Feb-22,Feb-22,22,1542782,109911,43517,66394,1401327,59894
31-Jan-22,Jan-22,22,1537503,108934,42767,66166,1396801,59616
31-Dec-23,Dec-23,23,1598689,119634,50254,69380,1453122,63494
30-Nov-23,Nov-23,23,1602086,121917,49930,71987,1454166,66088
31-Oct-23,Oct-23,23,1602030,120942,49270,71672,1454791,65763
30-Sep-23,Sep-23,23,1600997,120312,48996,71316,1454089,65514
31-Aug-23,Aug-23,23,1601269,119643,48378,71265,1454812,65271
31-Jul-23,Jul-23,23,1599750,118906,47961,70945,1453809,65013
30-Jun-23,Jun-23,23,1598550,118510,47735,70776,1452784,64770
31-May-23,May-23,23,1598832,118080,47380,70700,1453101,64462
30-Apr-23,Apr-23,23,1597824,117580,47030,70550,1452652,64242
31-Mar-23,Mar-23,23,1598719,116872,46650,70222,1454011,63932
28-Feb-23,Feb-23,23,1596973,116740,46525,70215,1452069,63760
31-Jan-23,Jan-23,23,1595283,115534,45780,69754,1451436,63571
31-Dec-24,Dec-24,24,1622828,126332,52675,73657,1472728,67690
30-Nov-24,Nov-24,24,1621953,125158,52313,72845,1473010,67153
31-Oct-24,Oct-24,24,1619946,125560,52500,73060,1470405,67031
30-Sep-24,Sep-24,24,1617581,125840,52157,73683,1467469,67802
31-Aug-24,Aug-24,24,1613650,124913,51815,73098,1464580,67191
31-Jul-24,Jul-24,24,1610517,124347,51534,72813,1461847,66917
30-Jun-24,Jun-24,24,1607159,123754,51432,72322,1458977,66469
31-May-24,May-24,24,1604534,123155,51194,71961,1456773,66048
30-Apr-24,Apr-24,24,1603688,121855,50778,71077,1456568,65224
31-Mar-24,Mar-24,24,1601872,121549,51065,70483,1454934,64868
29-Feb-24,Feb-24,24,1602532,121336,50819,70517,1455582,64394
31-Jan-24,Jan-24,24,1600426,120474,50308,70166,1454139,64173
31-Dec-25,Dec-25,25,1681615,135653,57013,78640,1524106,72639
30-Nov-25,Nov-25,25,1675840,134221,56567,77654,1519710,71623
31-Oct-25,Oct-25,25,1672294,133221,56226,76995,1517100,71018
30-Sep-25,Sep-25,25,1667115,132283,55824,76459,1512716,70453
31-Aug-25,Aug-25,25,1662763,131732,55569,76163,1508703,70120
31-Jul-25,Jul-25,25,1658021,130951,55198,75753,1504471,69718
30-Jun-25,Jun-25,25,1652825,130016,54614,75402,1500261,69123
31-May-25,May-25,25,1647399,129143,54462,74681,1495500,68724
30-Apr-25,Apr-25,25,1643975,128427,54128,74300,1492574,68265
31-Mar-25,Mar-25,25,1644813,127831,53718,74113,1493777,68151
28-Feb-25,Feb-25,25,1632968,127742,53487,74254,1481861,68339
31-Jan-25,Jan-25,25,1628259,127018,53039,73979,1477824,68004
